"repo_name","language","qtd_stars","qtd_issues","qtd_pull_requests","repo_url","travis_url","ci","repo_id_travis","coverage","builds_activity","time_to_fix_broken_builds","build_health","analysis_point","forked","size","created","qtd_issues_in_period","qtd_pull_request_in_period","ci_service","analysis_init","analysis_finish","cov_service","qtd_merge_conflicts","qty_bugs_period","analysis_point_days","analysis_releases","analysis_issues","analysis_prs","qty_issues_period","qty_bugs"
"JaidedAI/EasyOCR","Python",12026,359,5,"https://github.com/JaidedAI/EasyOCR",NULL,False,NULL,NULL,NULL,NULL,NULL,"2020-10-12 08:46:39-03",False,144407,"2020-03-14 08:46:39-03",0,0,NULL,"2020-10-01 00:00:00-03","2021-11-01 00:00:00-03",NULL,NULL,0,212,11,416,37,309,4
"j3ssie/Osmedeus","Python",3152,173,8,"https://github.com/j3ssie/Osmedeus",NULL,False,NULL,NULL,NULL,NULL,NULL,"2019-06-10 01:17:18-03",False,32879,"2018-11-10 01:17:18-03",0,0,NULL,"2019-06-01 00:00:00-03","2020-07-01 00:00:00-03",NULL,NULL,4,212,5,179,32,130,4
"rasbt/mlxtend","Python",3559,372,1,"https://github.com/rasbt/mlxtend","https://api.travis-ci.org/repos/rasbt/mlxtend",True,"3429769","90.680405","0.18181818181818182","1642493.0","0.17921146953405018","2019-11-13 16:44:20-03",False,79051,"2014-08-13 22:56:16-03",0,0,"Travis CI","2019-11-01 00:00:00-03","2020-12-01 00:00:00-03","COVERALLS",NULL,8,1917,4,161,71,145,43
"variadico/noti","Go",3638,93,5,"https://github.com/variadico/noti","https://api.travis-ci.org/repos/variadico/noti",True,"6613678","53.721684","0.08860759493670886","1281772.0","0.5039370078740157","2016-04-02 09:00:32-03",False,97286,"2015-04-04 16:44:49-03",0,0,"Travis CI","2016-04-01 00:00:00-03","2017-05-01 00:00:00-03","COVERALLS",NULL,2,363,6,33,9,31,12
"nats-io/nats-server","Go",9576,740,0,"https://github.com/nats-io/nats-server","https://api.travis-ci.org/repos/nats-io/nats-server",True,"1435536","87.87644499999999","0.10886075949367088","35356.0","0.17174515235457063","2020-06-09 18:28:43-03",False,19365,"2012-10-29 13:12:24-03",0,0,"Travis CI","2020-06-01 00:00:00-03","2021-07-01 00:00:00-03","COVERALLS",NULL,76,2780,11,747,578,877,294
"minishift/minishift","Go",2195,3538,1201,"https://github.com/minishift/minishift","https://api.travis-ci.org/repos/minishift/minishift",True,"9291268","71.662159","0.12121212121212122","520741.0","0.0875","2019-04-22 23:52:47-03",False,177519,"2016-07-06 11:37:20-03",3538,1164,"Travis CI","2019-04-01 00:00:00-03","2020-05-01 00:00:00-03","COVERALLS",23,6,1020,3,211,38,218,718
"lmcinnes/umap","Python",4847,212,50,"https://github.com/lmcinnes/umap","https://api.travis-ci.org/repos/lmcinnes/umap",True,"14158352","88.50925","0.10178117048346055","1728669.0","0.11363636363636363","2021-02-12 19:59:38-03",False,53946,"2017-07-01 22:11:17-03",392,50,"Travis CI","2021-02-01 00:00:00-03","2022-03-01 00:00:00-03","COVERALLS",NULL,0,1321,2,150,41,157,6
"danvk/source-map-explorer","TypeScript",3254,109,28,"https://github.com/danvk/source-map-explorer","https://api.travis-ci.org/repos/danvk/source-map-explorer",True,"6256947","97.88732","0.21717171717171718","1469466.5","0.16666666666666666","2019-04-28 10:27:19-03",False,22612,"2015-10-15 19:40:17-03",0,0,"Travis CI","2019-04-01 00:00:00-03","2020-05-01 00:00:00-03","COVERALLS",NULL,20,1290,14,75,39,81,26
"marcosgriselli/ViewAnimator","Swift",6315,47,14,"https://github.com/marcosgriselli/ViewAnimator",NULL,False,NULL,NULL,NULL,NULL,NULL,"2018-05-06 12:58:05-03",False,12303,"2017-10-06 12:58:05-03",0,0,NULL,"2018-05-01 00:00:00-03","2019-06-01 00:00:00-03",NULL,NULL,1,212,3,12,3,17,6
"zhaojun1998/zfile","Java",3344,231,2,"https://github.com/zhaojun1998/zfile",NULL,False,NULL,NULL,NULL,NULL,NULL,"2020-03-18 10:57:56-03",False,13227,"2019-08-19 10:57:56-03",0,0,NULL,"2020-03-01 00:00:00-03","2021-04-01 00:00:00-03",NULL,NULL,41,212,11,151,7,128,151
"veracrypt/VeraCrypt","C#",3349,646,23,"https://github.com/veracrypt/VeraCrypt",NULL,False,NULL,NULL,NULL,NULL,NULL,"2015-06-08 19:12:36-03",False,193533,"2014-11-08 19:12:36-03",0,0,NULL,"2015-06-01 00:00:00-03","2016-07-01 00:00:00-03",NULL,NULL,0,212,6,76,20,62,127
"Lora-net/LoRaMac-node","C#",1404,878,14,"https://github.com/Lora-net/LoRaMac-node",NULL,False,NULL,NULL,NULL,NULL,NULL,"2014-08-29 11:20:23-03",False,26987,"2014-01-29 11:20:23-03",0,0,NULL,"2014-08-01 00:00:00-03","2015-09-01 00:00:00-03",NULL,NULL,0,212,3,18,9,11,62
"ivanvorobei/SPStorkController","Swift",2447,96,10,"https://github.com/ivanvorobei/SPStorkController",NULL,False,NULL,NULL,NULL,NULL,NULL,"2019-06-27 08:51:50-03",False,18382,"2018-11-27 08:51:50-03",0,0,NULL,"2019-06-01 00:00:00-03","2020-07-01 00:00:00-03",NULL,NULL,2,212,14,40,6,38,7
"TruthHun/DocHub","Go",2585,78,1,"https://github.com/TruthHun/DocHub",NULL,False,NULL,NULL,NULL,NULL,NULL,"2018-12-04 11:36:09-03",False,12358,"2018-05-06 11:36:09-03",0,0,NULL,"2018-12-01 00:00:00-03","2020-01-01 00:00:00-03",NULL,NULL,0,212,3,41,1,29,1
"Moriafly/DsoMusic","Kotlin",330,61,1,"https://github.com/Moriafly/DsoMusic",NULL,False,NULL,NULL,NULL,NULL,NULL,"2021-04-14 05:06:00-03",False,537681,"2020-09-14 05:06:00-03",0,0,NULL,"2021-04-01 00:00:00-03","2022-05-01 00:00:00-03",NULL,NULL,3,212,19,64,8,62,4
"kantord/LibreLingo","py",936,254,0,"https://github.com/kantord/LibreLingo",NULL,False,NULL,NULL,NULL,NULL,NULL,"2020-06-30 20:15:08-03",False,1035850,"2019-12-01 20:15:08-03",0,0,NULL,"2020-06-01 00:00:00-03","2021-07-01 00:00:00-03",NULL,NULL,11,212,33,337,316,923,18
"nats-io/nats-streaming-server","Go",2295,590,74,"https://github.com/nats-io/nats-streaming-server","https://api.travis-ci.org/repos/nats-io/nats-streaming-server",True,"9148181","91.95401749999999","0.1561712846347607","1833060.5","0.05042016806722689","2019-08-14 15:36:07-03",False,12180,"2016-03-24 14:42:39-03",0,0,"Travis CI","2019-08-01 00:00:00-03","2020-09-01 00:00:00-03","COVERALLS",NULL,6,1238,4,203,78,189,93
"qingmei2/RxImagePicker","Kotlin",1113,95,1,"https://github.com/qingmei2/RxImagePicker",NULL,False,NULL,NULL,NULL,NULL,NULL,"2018-08-08 08:27:25-03",False,20890,"2018-01-08 08:27:25-03",0,0,NULL,"2018-08-01 00:00:00-03","2019-09-01 00:00:00-03",NULL,NULL,3,212,9,49,4,45,4
"mfrachet/rn-placeholder","TypeScript",1813,56,17,"https://github.com/mfrachet/rn-placeholder","https://api.travis-ci.org/repos/mfrachet/rn-placeholder",True,"13359466","100.0","0.0707070707070707","6514045.5","0.036231884057971016","2017-07-07 16:13:16-03",False,13075,"2017-05-07 13:22:54-03",0,0,"Travis CI","2017-07-01 00:00:00-03","2018-08-01 00:00:00-03","COVERALLS",NULL,4,61,2,46,33,43,5
"react-native-video/react-native-video","Java",5759,2471,529,"https://github.com/react-native-video/react-native-video",NULL,False,NULL,NULL,NULL,NULL,NULL,"2015-10-29 02:08:38-03",False,12953,"2015-03-31 02:08:38-03",1633,189,NULL,"2015-10-01 00:00:00-03","2016-11-01 00:00:00-03",NULL,9,19,212,1,173,35,271,39
"mashirozx/Sakura","php",2143,206,31,"https://github.com/mashirozx/Sakura",NULL,False,NULL,NULL,NULL,NULL,NULL,"2018-12-24 07:59:48-03",False,39786,"2018-05-26 07:59:48-03",0,0,NULL,"2018-12-01 00:00:00-03","2020-01-01 00:00:00-03",NULL,NULL,20,212,29,160,42,160,33
"yzhao062/pyod","Python",4649,198,44,"https://github.com/yzhao062/pyod","https://api.travis-ci.org/repos/yzhao062/pyod",True,"15593469","95.533394","0.947103274559194","2457744.0","0.09747292418772563","2019-12-22 22:25:13-03",False,36427,"2017-10-03 17:29:04-03",0,0,"Travis CI","2019-12-01 00:00:00-03","2021-01-01 00:00:00-03","COVERALLS",NULL,6,810,6,117,42,120,17
"Ullaakut/cameradar","Go",2619,161,17,"https://github.com/Ullaakut/cameradar","https://api.travis-ci.org/repos/Ullaakut/cameradar",True,"10999701","96.65738","0.061068702290076333","4053128.0","0.058394160583941604","2018-02-16 15:57:26-03",False,37212,"2016-05-20 08:35:41-03",0,62,"Travis CI","2018-02-01 00:00:00-03","2019-03-01 00:00:00-03","COVERALLS",NULL,8,637,3,10,5,37,73
"wordpress-mobile/WordPress-iOS","Swift",3167,7163,0,"https://github.com/wordpress-mobile/WordPress-iOS","https://api.travis-ci.org/repos/wordpress-mobile/WordPress-iOS",True,"297538","78.313255","0.012626262626262626","71967703.0","0.0","2016-05-23 16:46:34-03",False,2142011,"2013-03-18 13:59:33-03",0,1943,"Travis CI","2016-05-01 00:00:00-03","2017-06-01 00:00:00-03","COVERALLS",NULL,507,1162,17,1553,832,2011,4425
"microsoft/msphpsql","php",1515,621,0,"https://github.com/microsoft/msphpsql","https://api.travis-ci.org/repos/microsoft/msphpsql",True,"3322727","73.665016","0.29292929292929293","643661.0","0.1527777777777778","2019-04-24 18:12:12-03",False,89308,"2014-04-22 16:54:12-03",0,389,"Travis CI","2019-04-01 00:00:00-03","2020-05-01 00:00:00-03","COVERALLS",NULL,2,1828,4,164,85,166,74
"timber/timber","php",4840,2472,1102,"https://github.com/timber/timber","https://api.travis-ci.org/repos/timber/timber",True,"1087515","92.166235","0.0532994923857868","19579.0","0.5535714285714286","2020-02-18 00:15:00-03",False,22023,"2013-01-02 18:15:13-03",2073,925,"Travis CI","2020-02-01 00:00:00-03","2021-03-01 00:00:00-03","COVERALLS",64,5,2602,9,243,149,235,67
"mgcrea/angular-strap","JavaScript",5856,2289,635,"https://github.com/mgcrea/angular-strap","https://api.travis-ci.org/repos/mgcrea/angular-strap",True,"226089","NaN","0.20906801007556675","3308849.0","0.14468085106382977","2015-10-25 20:22:45-03",False,11579,"2012-09-07 12:50:43-03",1943,430,"Travis CI","2015-10-01 00:00:00-03","2016-11-01 00:00:00-03","COVERALLS",4,38,1143,3,363,111,292,199
"michael-lazar/rtv","Python",4549,713,287,"https://github.com/michael-lazar/rtv","https://api.travis-ci.org/repos/michael-lazar/rtv",True,"6467853","92.88844","0.16539440203562342","899923.0","0.20218579234972678","2018-02-16 07:31:29-03",False,52869,"2015-02-08 05:10:02-03",530,183,"Travis CI","2018-02-01 00:00:00-03","2019-03-01 00:00:00-03","COVERALLS",5,19,1104,6,143,52,144,101
"kubernetes/ingress-nginx","Go",10626,3675,0,"https://github.com/kubernetes/ingress-nginx","https://api.travis-ci.org/repos/kubernetes/ingress-nginx",True,"10804561","63.4669625","0.27411167512690354","24165.5","0.326158940397351","2019-02-14 13:29:57-03",False,132096,"2016-11-04 19:54:14-03",0,1253,"Travis CI","2019-02-01 00:00:00-03","2020-03-01 00:00:00-03","COVERALLS",NULL,77,831,13,1600,741,1477,922
"yabwe/medium-editor","JavaScript",15227,1570,641,"https://github.com/yabwe/medium-editor","https://api.travis-ci.org/repos/yabwe/medium-editor",True,"960517","94.73894","0.16414141414141414","514428.0","0.23225806451612904","2016-07-13 19:23:24-03",False,10390,"2013-05-29 14:40:11-03",1539,555,"Travis CI","2016-07-01 00:00:00-03","2017-08-01 00:00:00-03","COVERALLS",25,42,1141,6,180,49,221,155
"Netflix/security_monkey","Python",4207,1235,688,"https://github.com/Netflix/security_monkey","https://api.travis-ci.org/repos/Netflix/security_monkey",True,"2594686","72.9016","0.1893939393939394","391299.5","0.48945147679324896","2018-05-08 22:56:11-03",False,14392,"2014-06-27 18:49:56-03",964,554,"Travis CI","2018-05-01 00:00:00-03","2019-06-01 00:00:00-03","COVERALLS",7,10,1411,2,168,98,128,158
"tabler/tabler-icons","JavaScript",10481,120,11,"https://github.com/tabler/tabler-icons",NULL,False,NULL,NULL,NULL,NULL,NULL,"2020-09-26 12:10:04-03",False,59615,"2020-02-27 12:10:04-03",0,0,NULL,"2020-09-01 00:00:00-03","2021-10-01 00:00:00-03",NULL,NULL,15,212,30,89,15,86,30
"V2Ray-Android/Actinium","Kotlin",475,66,0,"https://github.com/V2Ray-Android/Actinium",NULL,False,NULL,NULL,NULL,NULL,NULL,"2017-03-21 23:41:27-03",False,291568,"2016-08-21 23:41:27-03",0,0,NULL,"2017-03-01 00:00:00-03","2018-04-01 00:00:00-03",NULL,NULL,0,212,2,37,1,44,4
"TKkk-iOSer/WeChatPlugin-MacOS","Objective-C",13348,554,7,"https://github.com/TKkk-iOSer/WeChatPlugin-MacOS",NULL,False,NULL,NULL,NULL,NULL,NULL,"2017-11-18 11:37:37-03",False,25282,"2017-04-20 11:37:37-03",0,0,NULL,"2017-11-01 00:00:00-03","2018-12-01 00:00:00-03",NULL,NULL,0,212,8,333,12,349,1
"spree/spree","Ruby",11323,4021,0,"https://github.com/spree/spree","https://api.travis-ci.org/repos/spree/spree",True,"2286","86.19437","0.3005050505050505","20147.0","0.5780141843971631","2016-07-14 16:05:15-03",False,120328,"2008-03-10 11:45:35-03",0,0,"Travis CI","2016-07-01 00:00:00-03","2017-08-01 00:00:00-03","COVERALLS",NULL,0,3048,16,660,472,736,42
"SwiftKickMobile/SwiftMessages","Swift",6142,396,18,"https://github.com/SwiftKickMobile/SwiftMessages",NULL,False,NULL,NULL,NULL,NULL,NULL,"2017-03-08 13:17:15-03",False,18718,"2016-08-08 13:17:15-03",0,0,NULL,"2017-03-01 00:00:00-03","2018-04-01 00:00:00-03",NULL,NULL,3,212,12,100,10,99,12
"SimpleMobileTools/Simple-Gallery","Kotlin",1891,1942,826,"https://github.com/SimpleMobileTools/Simple-Gallery",NULL,False,NULL,NULL,NULL,NULL,NULL,"2016-09-15 18:17:13-03",False,79914,"2016-02-16 18:17:13-03",2208,826,NULL,"2016-09-01 00:00:00-03","2017-10-01 00:00:00-03",NULL,NULL,81,212,111,348,123,351,416
"shoes/shoes4","Ruby",1487,1095,472,"https://github.com/shoes/shoes4","https://api.travis-ci.org/repos/shoes/shoes4",True,"16034","85.13748","0.4177215189873418","225268.5","0.1590909090909091","2016-11-05 10:29:10-03",False,59788,"2012-05-24 11:57:59-03",1245,472,"Travis CI","2016-11-01 00:00:00-03","2017-12-01 00:00:00-03","COVERALLS",NULL,34,1625,1,59,29,275,320
"steamclock/bluejay","Swift",936,187,23,"https://github.com/steamclock/bluejay",NULL,False,NULL,NULL,NULL,NULL,NULL,"2017-07-23 19:09:54-03",False,18118,"2016-12-23 19:09:54-03",0,0,NULL,"2017-07-01 00:00:00-03","2018-08-01 00:00:00-03",NULL,NULL,0,212,20,83,33,89,2
"sedwards2009/extraterm","TypeScript",1812,314,14,"https://github.com/sedwards2009/extraterm",NULL,False,NULL,NULL,NULL,NULL,NULL,"2016-10-02 09:39:59-03",False,119038,"2016-03-04 09:39:59-03",0,0,NULL,"2016-10-01 00:00:00-03","2017-11-01 00:00:00-03",NULL,NULL,12,212,18,38,1,32,134
"spatialos/gdk-for-unity","cs",322,1476,1426,"https://github.com/spatialos/gdk-for-unity",NULL,False,NULL,NULL,NULL,NULL,NULL,"2019-01-11 12:37:54-03",False,73833,"2018-06-13 12:37:54-03",1505,1426,NULL,"2019-01-01 00:00:00-03","2020-02-01 00:00:00-03","SONAR",NULL,41,212,16,572,547,599,51
"rwaldron/johnny-five","JavaScript",12313,1517,398,"https://github.com/rwaldron/johnny-five","https://api.travis-ci.org/repos/rwaldron/johnny-five",True,"489313","91.703224","0.1590909090909091","4897632.0","0.07042253521126761","2017-12-07 23:58:20-03",False,94703,"2012-03-30 17:09:52-03",1548,398,"Travis CI","2017-12-01 00:00:00-03","2019-01-01 00:00:00-03","COVERALLS",NULL,6,2078,9,135,38,112,59
"romandanylyk/PageIndicatorView","Java",4465,109,4,"https://github.com/romandanylyk/PageIndicatorView",NULL,False,NULL,NULL,NULL,NULL,NULL,"2017-03-20 16:25:32-03",False,33988,"2016-08-20 16:25:32-03",0,0,NULL,"2017-03-01 00:00:00-03","2018-04-01 00:00:00-03",NULL,NULL,3,212,3,47,6,52,6
"RetroMusicPlayer/RetroMusicPlayer","Kotlin",1295,1110,170,"https://github.com/RetroMusicPlayer/RetroMusicPlayer",NULL,False,NULL,NULL,NULL,NULL,NULL,"2019-02-24 09:21:51-03",False,239782,"2018-07-27 09:21:51-03",717,95,NULL,"2019-02-01 00:00:00-03","2020-03-01 00:00:00-03",NULL,2,9,212,4,726,82,520,111
"psi-probe/psi-probe","Java",1176,1934,1216,"https://github.com/psi-probe/psi-probe","https://api.travis-ci.org/repos/psi-probe/psi-probe",True,"4305860","34.503185","0.3426395939086294","921221.0","0.06462585034013606","2020-02-25 02:21:16-03",False,36428,"2015-03-16 12:15:01-03",1363,680,"Travis CI","2020-02-01 00:00:00-03","2021-03-01 00:00:00-03","BOTH",7,0,1806,3,407,387,291,270
"nenosllc/iCloudDocumentSync","Objective-C",1134,105,6,"https://github.com/nenosllc/iCloudDocumentSync",NULL,False,NULL,NULL,NULL,NULL,NULL,"2013-07-29 15:58:59-03",False,12762,"2012-12-29 15:58:59-03",0,0,NULL,"2013-07-01 00:00:00-03","2014-08-01 00:00:00-03",NULL,NULL,15,212,7,48,12,43,38
"Mortennn/Dozer","Swift",5126,137,4,"https://github.com/Mortennn/Dozer",NULL,False,NULL,NULL,NULL,NULL,NULL,"2019-04-30 08:37:51-03",False,75990,"2018-09-30 08:37:51-03",0,0,NULL,"2019-04-01 00:00:00-03","2020-05-01 00:00:00-03",NULL,NULL,1,212,4,57,12,49,10
"mintty/mintty","C#",1262,1019,13,"https://github.com/mintty/mintty",NULL,False,NULL,NULL,NULL,NULL,NULL,"2016-01-02 09:58:31-03",False,17928,"2015-06-04 09:58:31-03",0,0,NULL,"2016-01-01 00:00:00-03","2017-02-01 00:00:00-03",NULL,NULL,3,212,22,125,9,115,21
"mazurio/bodyweight-fitness-android","Kotlin",296,51,4,"https://github.com/mazurio/bodyweight-fitness-android",NULL,False,NULL,NULL,NULL,NULL,NULL,"2015-10-16 17:30:38-03",False,125923,"2015-03-18 17:30:38-03",0,0,NULL,"2015-10-01 00:00:00-03","2016-11-01 00:00:00-03",NULL,NULL,6,212,8,29,12,31,13
"maxkeppeler/sheets","Kotlin",580,63,6,"https://github.com/maxkeppeler/sheets",NULL,False,NULL,NULL,NULL,NULL,NULL,"2021-06-24 17:12:50-03",False,129491,"2020-11-24 17:12:50-03",0,0,NULL,"2021-06-01 00:00:00-03","2022-07-01 00:00:00-03",NULL,NULL,12,212,5,41,2,39,43
"material-shell/material-shell","TypeScript",5861,703,186,"https://github.com/material-shell/material-shell",NULL,False,NULL,NULL,NULL,NULL,NULL,"2019-11-30 08:48:15-03",False,66440,"2019-05-02 08:48:15-03",522,119,NULL,"2019-11-01 00:00:00-03","2020-12-01 00:00:00-03",NULL,2,52,212,10,374,92,365,57
"material-components/material-components-web-components","TypeScript",2584,816,0,"https://github.com/material-components/material-components-web-components","https://travis-ci.org/github/material-components/material-components-web-components",False,NULL,NULL,NULL,NULL,NULL,"2018-10-25 18:46:51-03",False,45457,"2018-03-27 18:46:51-03",0,1318,NULL,"2018-10-01 00:00:00-03","2019-11-01 00:00:00-03",NULL,NULL,62,212,7,404,243,480,362
"Marxon13/M13ProgressSuite","Objective-C",3928,83,13,"https://github.com/Marxon13/M13ProgressSuite",NULL,False,NULL,NULL,NULL,NULL,NULL,"2014-07-23 15:05:36-03",False,26162,"2013-12-23 15:05:36-03",0,0,NULL,"2014-07-01 00:00:00-03","2015-08-01 00:00:00-03",NULL,NULL,12,212,3,66,25,39,18
"nguyenhoanglam/ImagePicker","Kotlin",457,106,3,"https://github.com/nguyenhoanglam/ImagePicker",NULL,False,NULL,NULL,NULL,NULL,NULL,"2017-03-03 22:58:16-03",False,31555,"2016-08-03 22:58:16-03",0,0,NULL,"2017-03-01 00:00:00-03","2018-04-01 00:00:00-03",NULL,NULL,0,212,2,26,8,34,1
"luisespinoza/LEColorPicker","Objective-C",646,11,1,"https://github.com/luisespinoza/LEColorPicker",NULL,False,NULL,NULL,NULL,NULL,NULL,"2013-07-02 23:12:52-03",False,15592,"2012-12-02 23:12:52-03",0,0,NULL,"2013-07-01 00:00:00-03","2014-08-01 00:00:00-03",NULL,NULL,2,212,4,14,5,10,2
"LowKostKustomz/StatusAlert","Swift",821,8,1,"https://github.com/LowKostKustomz/StatusAlert",NULL,False,NULL,NULL,NULL,NULL,NULL,"2018-07-07 16:02:16-03",False,54465,"2017-12-07 16:02:16-03",0,0,NULL,"2018-07-01 00:00:00-03","2019-08-01 00:00:00-03",NULL,NULL,1,212,6,9,4,5,1
"li-xiaojun/XPopup","Java",5720,744,2,"https://github.com/li-xiaojun/XPopup",NULL,False,NULL,NULL,NULL,NULL,NULL,"2019-07-07 03:16:48-03",False,152368,"2018-12-07 03:16:48-03",0,0,NULL,"2019-07-01 00:00:00-03","2020-08-01 00:00:00-03",NULL,NULL,0,212,27,328,8,300,3
"LuckSiege/PictureSelector","Java",10563,2015,2,"https://github.com/LuckSiege/PictureSelector",NULL,False,NULL,NULL,NULL,NULL,NULL,"2017-08-04 04:47:39-03",False,293560,"2017-01-04 04:47:39-03",0,0,NULL,"2017-08-01 00:00:00-03","2018-09-01 00:00:00-03",NULL,NULL,0,212,9,761,15,450,1
"labstack/armor","Go",1627,41,3,"https://github.com/labstack/armor","https://api.travis-ci.org/repos/labstack/armor",True,"10328411","13.675214","0.15151515151515152","6445634.0","0.05673758865248227","2016-10-31 01:05:56-03",False,20060,"2016-01-19 22:27:27-03",0,0,"Travis CI","2016-10-01 00:00:00-03","2017-11-01 00:00:00-03","COVERALLS",NULL,3,285,21,19,3,19,4
"ladybirdweb/faveo-helpdesk","php",875,309,143,"https://github.com/ladybirdweb/faveo-helpdesk","https://api.travis-ci.org/repos/ladybirdweb/faveo-helpdesk",True,"6979304","39.155632","0.06801007556675064","0","0.0","2019-05-01 14:22:32-03",False,183136,"2015-04-28 04:44:25-03",5397,143,"Travis CI","2019-05-01 00:00:00-03","2020-06-01 00:00:00-03","COVERALLS",NULL,1,1464,1,1768,41,1613,153
"kubevirt/kubevirt","Go",2659,1782,0,"https://github.com/kubevirt/kubevirt","https://api.travis-ci.org/repos/kubevirt/kubevirt",True,"11341488","70.19268500000001","0.4835443037974684","563455.0","0.0963855421686747","2020-09-28 09:48:36-03",False,212162,"2016-12-16 18:24:26-03",0,1262,"Travis CI","2020-09-01 00:00:00-03","2021-10-01 00:00:00-03","BOTH",NULL,362,1381,52,2407,1659,2407,1270
"Kunzisoft/KeePassDX","Kotlin",1642,980,6,"https://github.com/Kunzisoft/KeePassDX",NULL,False,NULL,NULL,NULL,NULL,NULL,"2018-05-17 06:08:57-03",False,55880,"2017-10-17 06:08:57-03",0,0,NULL,"2018-05-01 00:00:00-03","2019-06-01 00:00:00-03",NULL,NULL,57,212,9,173,9,164,547
"jshint/jshint","JavaScript",8603,2342,835,"https://github.com/jshint/jshint","https://api.travis-ci.org/repos/jshint/jshint",True,"181815","100.0","0.13350125944584382","2525056.0","0.07339449541284404","2019-08-20 16:44:03-03",False,19525,"2011-01-19 19:28:53-03",2880,838,"Travis CI","2019-08-01 00:00:00-03","2020-09-01 00:00:00-03","COVERALLS",NULL,4,3134,5,115,54,78,244
"kofigumbs/multi","Swift",783,68,1,"https://github.com/kofigumbs/multi",NULL,False,NULL,NULL,NULL,NULL,NULL,"2020-12-17 19:01:29-03",False,16779,"2020-05-19 19:01:29-03",0,0,NULL,"2020-12-01 00:00:00-03","2022-01-01 00:00:00-03",NULL,NULL,2,212,5,28,1,28,12
"infernojs/inferno","JavaScript",14978,1347,663,"https://github.com/infernojs/inferno","https://api.travis-ci.org/repos/infernojs/inferno",True,"5913200","94.89189","0.2936708860759494","518903.0","0.1994949494949495","2018-09-09 08:09:57-03",False,36879,"2015-02-01 19:07:38-03",383,663,"Travis CI","2018-09-01 00:00:00-03","2019-10-01 00:00:00-03","COVERALLS",NULL,30,1315,42,113,32,109,274
"kingsic/SGPagingView","Objective-C",1480,201,6,"https://github.com/kingsic/SGPagingView",NULL,False,NULL,NULL,NULL,NULL,NULL,"2017-05-05 19:15:41-03",False,23746,"2016-10-05 19:15:41-03",0,0,NULL,"2017-05-01 00:00:00-03","2018-06-01 00:00:00-03",NULL,NULL,1,212,3,67,3,81,2
"paypal/PayPal-PHP-SDK","php",2080,647,50,"https://github.com/paypal/PayPal-PHP-SDK","https://api.travis-ci.org/repos/paypal/PayPal-PHP-SDK",True,"492621","71.60916","0.23232323232323232","4144878.0","0.07003891050583658","2014-10-31 18:49:13-03",False,14631,"2013-03-06 00:47:01-03",867,50,"Travis CI","2014-10-01 00:00:00-03","2015-11-01 00:00:00-03","COVERALLS",NULL,15,604,25,314,27,304,45
"Justson/AgentWeb","Java",8136,914,3,"https://github.com/Justson/AgentWeb",NULL,False,NULL,NULL,NULL,NULL,NULL,"2017-12-10 04:45:56-03",False,29418,"2017-05-12 04:45:56-03",0,0,NULL,"2017-12-01 00:00:00-03","2019-01-01 00:00:00-03",NULL,NULL,0,212,5,405,6,312,3
"wallix/awless","Go",4781,259,2,"https://github.com/wallix/awless","https://api.travis-ci.org/repos/wallix/awless",True,"12046935","41.779962","0.027848101265822784","17653165.0","0.037037037037037035","2018-06-15 07:40:41-03",False,19305,"2016-06-03 10:46:18-03",0,0,"Travis CI","2018-06-01 00:00:00-03","2019-07-01 00:00:00-03","COVERALLS",NULL,0,741,1,85,9,46,22
"jdsjlzx/LRecyclerView","Java",2459,349,3,"https://github.com/jdsjlzx/LRecyclerView",NULL,False,NULL,NULL,NULL,NULL,NULL,"2016-12-17 07:12:08-03",False,38365,"2016-05-19 07:12:08-03",0,0,NULL,"2016-12-01 00:00:00-03","2018-01-01 00:00:00-03",NULL,NULL,1,212,14,202,4,192,1
"jdkato/prose","Go",2776,50,5,"https://github.com/jdkato/prose","https://api.travis-ci.org/repos/jdkato/prose",True,"12155915","91.59664","0.11645569620253164","272438.0","0.10909090909090909","2017-04-07 20:53:07-03",False,28088,"2017-02-17 14:08:22-03",0,0,"Travis CI","2017-04-01 00:00:00-03","2018-05-01 00:00:00-03","COVERALLS",NULL,1,49,2,29,9,17,5
"jblindsay/whitebox-tools","Rust",436,146,6,"https://github.com/jblindsay/whitebox-tools",NULL,False,NULL,NULL,NULL,NULL,NULL,"2018-11-07 19:39:18-03",False,107550,"2018-04-09 19:39:18-03",0,0,NULL,"2018-11-01 00:00:00-03","2019-12-01 00:00:00-03",NULL,NULL,9,212,9,37,1,40,38
"lise-henry/crowbook","Rust",438,58,7,"https://github.com/lise-henry/crowbook","https://api.travis-ci.org/repos/lise-henry/crowbook",True,"7613899","41.997143","0.015267175572519083","0","0.0","2018-02-14 19:03:19-03",False,12586,"2016-02-18 00:02:59-03",0,0,"Travis CI","2018-02-01 00:00:00-03","2019-03-01 00:00:00-03","COVERALLS",NULL,0,727,1,6,3,9,12
"m3dev/octoparts","Scala",154,62,109,"https://github.com/m3dev/octoparts","https://api.travis-ci.org/repos/m3dev/octoparts",True,"2956394","71.90692","0.28354430379746837","243416.0","0.1487279843444227","2014-09-20 04:43:23-03",False,12672,"2014-09-04 00:01:39-03",0,0,"Travis CI","2014-09-01 00:00:00-03","2015-10-01 00:00:00-03","COVERALLS",NULL,22,16,9,171,121,174,23
"weppos/whois","Ruby",993,46,45,"https://github.com/weppos/whois","https://api.travis-ci.org/repos/weppos/whois",True,"497","88.36633","0.04040404040404041","53269059.0","0.0","2017-07-27 09:22:26-03",False,10600,"2009-06-27 09:38:44-03",45,45,"Travis CI","2017-07-01 00:00:00-03","2018-08-01 00:00:00-03","COVERALLS",NULL,3,2951,2,81,57,16,99
"xtermjs/xterm.js","TypeScript",10683,1714,0,"https://github.com/xtermjs/xterm.js","https://api.travis-ci.org/repos/xtermjs/xterm.js",True,"2096306","49.927155","0.15404040404040403","393859.0","0.0625","2018-05-14 23:31:17-03",False,13783,"2014-03-24 13:04:04-03",0,619,"Travis CI","2018-05-01 00:00:00-03","2019-06-01 00:00:00-03","COVERALLS",NULL,135,1512,22,722,364,739,818
"mediaelement/mediaelement","JavaScript",7657,115,45,"https://github.com/mediaelement/mediaelement","https://api.travis-ci.org/repos/mediaelement/mediaelement",True,"2813566","74.37642","0.09644670050761421","0","0.0","2020-02-16 18:08:04-03",False,67749,"2010-07-27 23:32:56-03",219,45,"Travis CI","2020-02-01 00:00:00-03","2021-03-01 00:00:00-03","COVERALLS",NULL,10,3490,3,128,31,117,173
"phpipam/phpipam","php",1486,3383,553,"https://github.com/phpipam/phpipam",NULL,False,NULL,NULL,NULL,NULL,NULL,"2016-01-16 05:37:33-03",False,20198,"2015-06-18 05:37:33-03",1858,143,NULL,"2016-01-01 00:00:00-03","2017-02-01 00:00:00-03",NULL,7,51,212,1,879,128,633,369
"iwgang/CountdownView","Java",2844,136,2,"https://github.com/iwgang/CountdownView",NULL,False,NULL,NULL,NULL,NULL,NULL,"2016-05-11 04:46:28-03",False,10604,"2015-10-12 04:46:28-03",0,0,NULL,"2016-05-01 00:00:00-03","2017-06-01 00:00:00-03",NULL,NULL,0,212,2,138,5,43,2
"sixtyfpsui/sixtyfps","Rust",1024,221,28,"https://github.com/sixtyfpsui/sixtyfps",NULL,False,NULL,NULL,NULL,NULL,NULL,"2020-12-02 05:53:03-03",False,11403,"2020-05-04 05:53:03-03",0,0,NULL,"2020-12-01 00:00:00-03","2022-01-01 00:00:00-03",NULL,NULL,103,212,6,472,106,558,201
"ivanvorobei/SPAlert","Swift",1160,18,2,"https://github.com/ivanvorobei/SPAlert",NULL,False,NULL,NULL,NULL,NULL,NULL,"2019-11-26 10:03:40-03",False,11940,"2019-04-28 10:03:40-03",0,0,NULL,"2019-11-01 00:00:00-03","2020-12-01 00:00:00-03",NULL,NULL,0,212,25,14,6,14,5
"prometheus-operator/prometheus-operator","Go",5917,2010,0,"https://github.com/prometheus-operator/prometheus-operator",NULL,False,NULL,NULL,NULL,NULL,NULL,"2017-04-22 18:38:06-03",False,77399,"2016-09-22 18:38:06-03",0,0,NULL,"2017-04-01 00:00:00-03","2018-05-01 00:00:00-03",NULL,NULL,4,212,23,1157,654,1029,417
"wazuh/wazuh","C#",2394,5431,27,"https://github.com/wazuh/wazuh",NULL,False,NULL,NULL,NULL,NULL,NULL,"2016-03-10 14:39:03-03",False,276341,"2015-08-11 14:39:03-03",0,0,NULL,"2016-03-01 00:00:00-03","2017-04-01 00:00:00-03",NULL,NULL,5,212,3,135,31,75,3384
"SUPERAndroidAnalyzer/super","Rust",352,136,18,"https://github.com/SUPERAndroidAnalyzer/super","https://api.travis-ci.org/repos/SUPERAndroidAnalyzer/super",True,"8676728","28.987013","0.27848101265822783","311489.0","0.1875","2016-06-30 06:39:36-03",False,74242,"2016-05-12 13:25:49-03",0,0,"Travis CI","2016-06-01 00:00:00-03","2017-07-01 00:00:00-03","COVERALLS",NULL,18,48,6,128,44,123,30
"tumblr/collins","Scala",563,195,158,"https://github.com/tumblr/collins","https://api.travis-ci.org/repos/tumblr/collins",True,"320271","87.79928","0.20202020202020202","836322.0","0.5496688741721855","2016-10-26 21:11:09-03",False,224075,"2012-07-31 20:18:59-03",336,158,"Travis CI","2016-10-01 00:00:00-03","2017-11-01 00:00:00-03","COVERALLS",NULL,11,1548,2,117,68,100,40
"tremor-rs/tremor-runtime","Rust",404,304,3,"https://github.com/tremor-rs/tremor-runtime",NULL,False,NULL,NULL,NULL,NULL,NULL,"2020-04-29 04:13:12-03",False,12687,"2019-09-30 04:13:12-03",0,0,NULL,"2020-04-01 00:00:00-03","2021-05-01 00:00:00-03",NULL,NULL,77,212,13,817,622,828,127
"taniarascia/takenote","TypeScript",4759,220,192,"https://github.com/taniarascia/takenote","https://api.travis-ci.org/repos/taniarascia/takenote",True,"26263647","49.011856","0.010075566750629723","129577.5","0.07692307692307693","2019-10-14 03:23:20-03",False,10964,"2019-09-27 01:48:13-03",0,189,"Travis CI","2019-10-01 00:00:00-03","2020-11-01 00:00:00-03","BOTH",NULL,82,17,4,371,173,430,108
"indulgeIn/YBImageBrowser","Objective-C",2179,325,3,"https://github.com/indulgeIn/YBImageBrowser",NULL,False,NULL,NULL,NULL,NULL,NULL,"2018-11-08 05:14:51-03",False,201021,"2018-04-10 05:14:51-03",0,0,NULL,"2018-11-01 00:00:00-03","2019-12-01 00:00:00-03",NULL,NULL,10,212,22,202,7,195,10
"springfox/springfox","Java",5251,3889,517,"https://github.com/springfox/springfox","https://api.travis-ci.org/repos/springfox/springfox",True,"930821","96.78814","0.06297229219143577","136535.5","0.35537190082644626","2015-03-27 20:37:18-03",False,186294,"2012-05-06 03:38:57-03",3414,100,"Travis CI","2015-03-01 00:00:00-03","2016-04-01 00:00:00-03","BOTH",1,127,1055,4,420,47,646,536
"hugapi/hug","Python",6525,587,253,"https://github.com/hugapi/hug","https://api.travis-ci.org/repos/hugapi/hug",True,"5448446","99.379257","0.10831234256926953","1981345.0","0.345679012345679","2019-05-05 06:09:39-03",False,94322,"2015-07-17 00:33:50-03",870,253,"Travis CI","2019-05-01 00:00:00-03","2020-06-01 00:00:00-03","COVERALLS",NULL,7,1388,6,103,40,81,69
"slackhq/SlackTextViewController","Objective-C",8430,387,171,"https://github.com/slackhq/SlackTextViewController","https://api.travis-ci.org/repos/slackhq/SlackTextViewController",True,"3058502","7.270169","0.1717171717171717","839297.0","0.5267175572519084","2015-04-18 21:36:53-03",False,16262,"2014-08-18 15:46:06-03",497,171,"Travis CI","2015-04-01 00:00:00-03","2016-05-01 00:00:00-03","COVERALLS",NULL,16,243,10,263,108,299,27
"skydive-project/skydive","Go",1990,2401,1768,"https://github.com/skydive-project/skydive","https://api.travis-ci.org/repos/skydive-project/skydive",True,"6303642","38.945694","0.09090909090909091","439250.5","0.06569343065693431","2017-10-13 07:10:21-03",False,66545,"2015-10-20 11:02:21-03",2150,1578,"Travis CI","2017-10-01 00:00:00-03","2018-11-01 00:00:00-03","COVERALLS",7,15,723,9,999,823,955,66
"SimpleMobileTools/Simple-Draw","Kotlin",276,85,22,"https://github.com/SimpleMobileTools/Simple-Draw",NULL,False,NULL,NULL,NULL,NULL,NULL,"2016-09-13 17:55:43-03",False,14044,"2016-02-14 17:55:43-03",0,0,NULL,"2016-09-01 00:00:00-03","2017-10-01 00:00:00-03",NULL,NULL,4,212,9,55,30,53,20
"hs-web/hsweb-framework","Java",7611,118,19,"https://github.com/hs-web/hsweb-framework","https://api.travis-ci.org/repos/hs-web/hsweb-framework",True,"9998773","5.9480634","0.41414141414141414","1195918.0","0.13649851632047477","2017-10-21 00:53:44-03",False,32574,"2016-01-18 00:51:39-03",0,0,"Travis CI","2017-10-01 00:00:00-03","2018-11-01 00:00:00-03","COVERALLS",NULL,11,642,5,28,10,42,42
"saket/InboxRecyclerView","Kotlin",1916,26,5,"https://github.com/saket/InboxRecyclerView",NULL,False,NULL,NULL,NULL,NULL,NULL,"2019-03-19 03:14:50-03",False,136757,"2018-08-19 03:14:50-03",0,0,NULL,"2019-03-01 00:00:00-03","2020-04-01 00:00:00-03",NULL,NULL,0,212,4,11,6,11,3
"HMBSbige/ShadowsocksR-Android","Kotlin",1179,0,1,"https://github.com/HMBSbige/ShadowsocksR-Android",NULL,False,NULL,NULL,NULL,NULL,NULL,"2018-11-17 01:05:27-03",False,52445,"2018-04-19 01:05:27-03",0,0,NULL,"2018-11-01 00:00:00-03","2019-12-01 00:00:00-03",NULL,NULL,0,212,3,2,2,1,2
"ruslanskorb/RSKImageCropper","Objective-C",2366,233,75,"https://github.com/ruslanskorb/RSKImageCropper","https://api.travis-ci.org/repos/ruslanskorb/RSKImageCropper",True,"3911108","95.88313","0.08080808080808081","8025101.0","0.04","2015-04-17 21:10:45-03",False,57761,"2014-08-24 17:44:47-03",78,33,"Travis CI","2015-04-01 00:00:00-03","2016-05-01 00:00:00-03","COVERALLS",0,3,236,11,74,25,61,25
"HDB-Li/LLDebugTool","Objective-C",682,65,17,"https://github.com/HDB-Li/LLDebugTool",NULL,False,NULL,NULL,NULL,NULL,NULL,"2018-12-07 03:16:15-03",False,23539,"2018-05-09 03:16:15-03",0,0,NULL,"2018-12-01 00:00:00-03","2020-01-01 00:00:00-03",NULL,NULL,1,212,8,28,16,36,9
"hanjoongcho/aaf-easydiary","Kotlin",245,129,8,"https://github.com/hanjoongcho/aaf-easydiary",NULL,False,NULL,NULL,NULL,NULL,NULL,"2018-03-17 13:56:05-03",False,38631,"2017-08-17 13:56:05-03",0,0,NULL,"2018-03-01 00:00:00-03","2019-04-01 00:00:00-03",NULL,NULL,8,212,6,22,6,44,20
"grommet/grommet","JavaScript",7371,2626,0,"https://github.com/grommet/grommet","https://api.travis-ci.org/repos/grommet/grommet",True,"4962133","25.96601","0.2","53637.5","0.17162471395881007","2018-11-09 00:07:43-03",False,218373,"2015-03-24 05:54:10-03",0,530,"Travis CI","2018-11-01 00:00:00-03","2019-12-01 00:00:00-03","COVERALLS",NULL,157,1325,30,1188,687,1172,568
"googleforgames/open-match","Go",2255,1397,963,"https://github.com/googleforgames/open-match",NULL,False,NULL,NULL,NULL,NULL,NULL,"2019-03-16 20:57:53-03",False,57975,"2018-08-16 20:57:53-03",1369,955,NULL,"2019-03-01 00:00:00-03","2020-04-01 00:00:00-03",NULL,8,21,212,13,1070,762,1081,56
"gonmarques/slick-repo","Scala",120,14,3,"https://github.com/gonmarques/slick-repo","https://api.travis-ci.org/repos/gonmarques/slick-repo",True,"9218372","100.0","0.12373737373737374","1758222.0","0.027522935779816515","2016-12-08 13:16:19-03",False,13336,"2016-06-27 15:04:08-03",0,0,"Travis CI","2016-12-01 00:00:00-03","2018-01-01 00:00:00-03","COVERALLS",NULL,1,163,12,11,3,13,2
"go-lang-plugin-org/go-lang-idea-plugin","Java",4587,2794,655,"https://github.com/go-lang-plugin-org/go-lang-idea-plugin","https://api.travis-ci.org/repos/go-lang-plugin-org/go-lang-idea-plugin",True,"1721289","79.656728","0.007575757575757576","0","1.0","2015-06-04 08:01:49-03",False,34753,"2010-08-29 05:20:01-03",2041,414,"Travis CI","2015-06-01 00:00:00-03","2016-07-01 00:00:00-03","COVERALLS",3,32,1740,13,1186,251,863,149
"gitscrum-ce/laravel-gitscrum","php",2649,349,205,"https://github.com/gitscrum-ce/laravel-gitscrum",NULL,False,NULL,NULL,NULL,NULL,NULL,"2017-06-18 14:34:36-03",False,14428,"2016-11-18 14:34:36-03",338,185,NULL,"2017-06-01 00:00:00-03","2018-07-01 00:00:00-03",NULL,3,2,212,1,76,37,105,9
"numenta/nupic","Python",6261,3897,2110,"https://github.com/numenta/nupic","https://api.travis-ci.org/repos/numenta/nupic",True,"846021","81.04787","0.24181360201511334","1277798.5","0.04741379310344827","2015-10-20 16:11:05-03",False,153078,"2013-04-05 20:14:27-03",3774,2056,"Travis CI","2015-10-01 00:00:00-03","2016-11-01 00:00:00-03","COVERALLS",100,63,927,14,763,416,775,368
"gilbertchen/duplicacy","Go",3744,0,45,"https://github.com/gilbertchen/duplicacy",NULL,False,NULL,NULL,NULL,NULL,NULL,"2016-09-21 22:28:10-03",False,12856,"2016-02-22 22:28:10-03",0,0,NULL,"2016-09-01 00:00:00-03","2017-10-01 00:00:00-03",NULL,NULL,32,212,12,227,38,198,42
"getActivity/AndroidProject","Java",3838,64,1,"https://github.com/getActivity/AndroidProject",NULL,False,NULL,NULL,NULL,NULL,NULL,"2019-05-23 07:30:55-03",False,68213,"2018-10-23 07:30:55-03",0,0,NULL,"2019-05-01 00:00:00-03","2020-06-01 00:00:00-03",NULL,NULL,0,212,4,17,1,17,4
"gali8/Tesseract-OCR-iOS","C#",4119,309,11,"https://github.com/gali8/Tesseract-OCR-iOS","https://api.travis-ci.org/repos/gali8/Tesseract-OCR-iOS",True,"3495707","97.96875","0.1994949494949495","233630.0","0.26158940397350994","2015-01-10 10:26:47-03",False,866823,"2013-04-30 07:38:14-03",0,51,"Travis CI","2015-01-01 00:00:00-03","2016-02-01 00:00:00-03","COVERALLS",NULL,3,620,1,272,55,129,6
"ftxinfotech/laravel-adminpanel","js",814,750,514,"https://github.com/FTXInfotech/laravel-adminpanel",NULL,False,NULL,NULL,NULL,NULL,NULL,"2018-05-04 13:14:11-03",False,26558,"2017-10-04 13:14:11-03",396,252,NULL,"2018-05-01 00:00:00-03","2019-06-01 00:00:00-03",NULL,0,10,212,5,185,63,183,22
"FabrizioBrancati/BFKit-Swift","Swift",983,16,3,"https://github.com/FabrizioBrancati/BFKit-Swift","https://api.travis-ci.org/repos/FabrizioBrancati/BFKit-Swift",True,"5145019","86.25465","0.05303030303030303","1999226.0","0.061224489795918366","2018-08-26 21:03:52-03",False,25468,"2015-04-01 17:46:51-03",0,0,"Travis CI","2018-08-01 00:00:00-03","2019-09-01 00:00:00-03","COVERALLS",NULL,0,1243,5,5,5,4,6
"eyebluecn/tank","Go",2276,130,1,"https://github.com/eyebluecn/tank",NULL,False,NULL,NULL,NULL,NULL,NULL,"2018-07-23 06:59:34-03",False,46639,"2017-12-23 06:59:34-03",0,0,NULL,"2018-07-01 00:00:00-03","2019-08-01 00:00:00-03",NULL,NULL,1,212,7,42,2,41,10
"EyalAr/lwip","C#",2305,270,23,"https://github.com/EyalAr/lwip","https://api.travis-ci.org/repos/EyalAr/lwip",True,"2734124","98.170725","0.17721518987341772","499922.0","0.14919354838709678","2014-09-17 15:35:39-03",False,17116,"2014-06-28 13:00:20-03",0,0,"Travis CI","2014-09-01 00:00:00-03","2015-10-01 00:00:00-03","COVERALLS",NULL,5,81,5,160,34,160,6
"ethereum/go-ethereum","Go",31432,5699,15,"https://github.com/ethereum/go-ethereum","https://api.travis-ci.org/repos/ethereum/go-ethereum",True,"1697900","36.303734","0.017721518987341773","3940.0","0.37254901960784315","2020-09-10 10:44:15-03",False,161120,"2013-12-26 10:05:46-03",0,0,"Travis CI","2020-09-01 00:00:00-03","2021-10-01 00:00:00-03","COVERALLS",NULL,368,2450,15,2136,1085,2092,1154
"espocrm/espocrm","php",796,2066,306,"https://github.com/espocrm/espocrm",NULL,False,NULL,NULL,NULL,NULL,NULL,"2015-04-25 10:38:46-03",False,44123,"2014-09-25 10:38:46-03",1934,97,NULL,"2015-04-01 00:00:00-03","2016-05-01 00:00:00-03",NULL,0,17,212,27,93,12,94,401
"watson-developer-cloud/swift-sdk","Swift",881,364,257,"https://github.com/watson-developer-cloud/swift-sdk","https://api.travis-ci.org/repos/watson-developer-cloud/swift-sdk",True,"6945463","57.943924","0.17215189873417722","10360.0","0.7633587786259542","2017-11-07 18:02:14-03",False,155305,"2015-09-22 10:07:37-03",356,257,"Travis CI","2017-11-01 00:00:00-03","2018-12-01 00:00:00-03","COVERALLS",NULL,2,777,27,221,189,234,16
"errbit/errbit","Ruby",4144,1339,611,"https://github.com/errbit/errbit","https://api.travis-ci.org/repos/errbit/errbit",True,"1507","93.441765","0.649746192893401","2424037.0","0.040955631399317405","2020-02-25 00:47:37-03",False,24228,"2010-08-04 01:08:34-03",1400,611,"Travis CI","2020-02-01 00:00:00-03","2021-03-01 00:00:00-03","COVERALLS",NULL,2,3491,1,39,23,28,91
"dompdf/dompdf","php",8055,2492,371,"https://github.com/dompdf/dompdf","https://api.travis-ci.org/repos/dompdf/dompdf",True,"1391167","29.004372","0.2601010101010101","1709099.0","0.3125","2020-03-10 19:12:18-03",False,16367,"2012-11-12 17:47:16-03",512,66,"Travis CI","2020-03-01 00:00:00-03","2021-04-01 00:00:00-03","COVERALLS",1,57,2675,4,276,51,298,793
"docker/machine","Go",6377,3489,1752,"https://github.com/docker/machine","https://api.travis-ci.org/repos/docker/machine",True,"3505484","54.2659265","0.25190839694656486","1080378.0","0.16595744680851063","2018-02-16 22:35:48-03",False,18994,"2014-12-03 12:52:06-03",4724,1752,"Travis CI","2018-02-01 00:00:00-03","2019-03-01 00:00:00-03","COVERALLS",NULL,2,1171,5,341,86,296,145
"docker-archive/deploykit","Go",2227,920,722,"https://github.com/docker-archive/deploykit",NULL,False,NULL,NULL,NULL,NULL,NULL,"2016-11-06 18:43:02-03",False,29430,"2016-04-08 18:43:02-03",918,710,NULL,"2016-11-01 00:00:00-03","2017-12-01 00:00:00-03",NULL,12,11,212,7,597,470,522,13
"Dman95/SASM","Python",5492,136,6,"https://github.com/Dman95/SASM",NULL,False,NULL,NULL,NULL,NULL,NULL,"2014-01-01 17:46:24-03",False,28229,"2013-06-03 17:46:24-03",0,0,NULL,"2014-01-01 00:00:00-03","2015-02-01 00:00:00-03",NULL,NULL,0,212,5,7,3,9,27
"davideas/FlexibleAdapter","Java",3433,729,15,"https://github.com/davideas/FlexibleAdapter",NULL,False,NULL,NULL,NULL,NULL,NULL,"2015-11-30 19:00:43-03",False,10850,"2015-05-02 19:00:43-03",0,0,NULL,"2015-11-01 00:00:00-03","2016-12-01 00:00:00-03",NULL,NULL,39,212,11,258,21,232,95
"DanielaSfregola/twitter4s","Scala",237,132,51,"https://github.com/DanielaSfregola/twitter4s","https://api.travis-ci.org/repos/DanielaSfregola/twitter4s",True,"6499971","89.524734","0.11363636363636363","961387.0","0.12318840579710146","2015-11-07 16:19:58-03",False,11380,"2015-09-06 13:41:23-03",0,0,"Travis CI","2015-11-01 00:00:00-03","2016-12-01 00:00:00-03","COVERALLS",NULL,7,62,8,72,35,52,25
"crossoverJie/cim","Java",7817,84,15,"https://github.com/crossoverJie/cim",NULL,False,NULL,NULL,NULL,NULL,NULL,"2018-12-18 12:55:56-03",False,32055,"2018-05-20 12:55:56-03",0,0,NULL,"2018-12-01 00:00:00-03","2020-01-01 00:00:00-03",NULL,NULL,5,212,7,124,34,67,10
"croogo/croogo","php",825,531,299,"https://github.com/croogo/croogo","https://api.travis-ci.org/repos/croogo/croogo",True,"10414","79.83112","0.14177215189873418","650495.5","0.944","2017-09-12 09:25:08-03",False,17325,"2010-01-31 20:54:24-03",653,299,"Travis CI","2017-09-01 00:00:00-03","2018-10-01 00:00:00-03","COVERALLS",NULL,5,2780,3,52,17,34,86
"coyove/goflyway","Go",4289,175,2,"https://github.com/coyove/goflyway",NULL,False,NULL,NULL,NULL,NULL,NULL,"2018-03-20 12:29:12-03",False,11140,"2017-08-20 12:29:12-03",0,0,NULL,"2018-03-01 00:00:00-03","2019-04-01 00:00:00-03",NULL,NULL,0,212,4,127,8,89,1
"CosmicMind/Material","Swift",11795,1054,35,"https://github.com/CosmicMind/Material",NULL,False,NULL,NULL,NULL,NULL,NULL,"2016-03-21 13:21:53-03",False,34053,"2015-08-22 13:21:53-03",0,0,NULL,"2016-03-01 00:00:00-03","2017-04-01 00:00:00-03",NULL,NULL,48,212,110,528,89,533,101
"comfy/comfortable-mexican-sofa","Ruby",2695,167,77,"https://github.com/comfy/comfortable-mexican-sofa","https://api.travis-ci.org/repos/comfy/comfortable-mexican-sofa",True,"6205","99.22084","0.16666666666666666","778511.0","0.16113744075829384","2017-12-23 22:46:50-03",False,10034,"2010-11-29 12:58:39-03",666,77,"Travis CI","2017-12-01 00:00:00-03","2019-01-01 00:00:00-03","COVERALLS",NULL,11,2581,6,83,42,93,28
"cobub/razor","php",1120,143,2,"https://github.com/cobub/razor",NULL,False,NULL,NULL,NULL,NULL,NULL,"2013-02-06 22:42:55-03",False,33145,"2012-07-09 22:42:55-03",0,0,NULL,"2013-02-01 00:00:00-03","2014-03-01 00:00:00-03",NULL,NULL,7,212,4,65,15,66,10
"cleanflight/cleanflight","C#",2331,3116,1385,"https://github.com/cleanflight/cleanflight","https://api.travis-ci.org/repos/cleanflight/cleanflight",True,"3622319","47.59058","0.015267175572519083","174209.0","0.53125","2017-02-05 12:45:11-03",False,362328,"2013-03-27 20:49:19-03",2890,1288,"Travis CI","2017-02-01 00:00:00-03","2018-03-01 00:00:00-03","COVERALLS",70,18,1410,13,332,176,423,144
"chainer/chainer","Python",5592,8615,6578,"https://github.com/chainer/chainer","https://api.travis-ci.org/repos/chainer/chainer",True,"5002783","86.99219","0.25692695214105793","20602.0","0.25303030303030305","2019-10-07 07:09:27-03",False,53702,"2015-06-05 02:50:37-03",8580,6552,"Travis CI","2019-10-01 00:00:00-03","2020-11-01 00:00:00-03","COVERALLS",185,43,1585,9,279,228,379,1304
"celzero/rethink-app","Kotlin",298,306,13,"https://github.com/celzero/rethink-app",NULL,False,NULL,NULL,NULL,NULL,NULL,"2021-01-06 10:41:18-03",False,240075,"2020-06-08 10:41:18-03",0,0,NULL,"2021-01-01 00:00:00-03","2022-02-01 00:00:00-03",NULL,NULL,17,212,6,229,4,217,60
"CalebFenton/simplify","Java",3743,139,11,"https://github.com/CalebFenton/simplify","https://api.travis-ci.org/repos/CalebFenton/simplify",True,"3631809","86.430725","0.027777777777777776","26173090.5","0.2","2017-07-30 18:09:15-03",False,103553,"2014-01-16 02:14:02-03",0,0,"Travis CI","2017-07-01 00:00:00-03","2018-08-01 00:00:00-03","COVERALLS",NULL,8,1291,1,38,2,32,23
"bytefury/crater","php",4121,369,24,"https://github.com/bytefury/crater",NULL,False,NULL,NULL,NULL,NULL,NULL,"2020-06-19 04:09:02-03",False,23819,"2019-11-20 04:09:02-03",0,0,NULL,"2020-06-01 00:00:00-03","2021-07-01 00:00:00-03",NULL,NULL,3,212,8,369,83,279,63
"biojava/biojava","Java",450,75,49,"https://github.com/biojava/biojava","https://api.travis-ci.org/repos/biojava/biojava",True,"746869","0.28901735","0.12626262626262627","361106.0","0.2727272727272727","2019-09-02 16:59:24-03",False,48571,"2013-04-03 13:27:17-03",107,49,"Travis CI","2019-09-01 00:00:00-03","2020-10-01 00:00:00-03","BOTH",NULL,2,2343,2,110,71,43,114
"BijoySingh/Scarlet-Notes","Kotlin",310,143,9,"https://github.com/BijoySingh/Scarlet-Notes",NULL,False,NULL,NULL,NULL,NULL,NULL,"2016-12-02 14:26:30-03",False,27724,"2016-05-04 14:26:30-03",0,0,NULL,"2016-12-01 00:00:00-03","2018-01-01 00:00:00-03",NULL,NULL,7,212,9,38,6,36,20
"azkaban/azkaban","Java",3744,2937,1877,"https://github.com/azkaban/azkaban","https://api.travis-ci.org/repos/azkaban/azkaban",True,"1525125","36.365818","0.05808080808080808","269753.0","0.2857142857142857","2018-07-02 22:05:37-03",False,53948,"2012-10-17 22:34:53-03",2811,1502,"Travis CI","2018-07-01 00:00:00-03","2019-08-01 00:00:00-03","COVERALLS",41,0,2083,24,553,344,461,27
"automl/auto-sklearn","Python",5528,557,94,"https://github.com/automl/auto-sklearn","https://api.travis-ci.org/repos/automl/auto-sklearn",True,"5322432","36.575634","0.043037974683544304","34205.0","0.23880597014925373","2020-11-05 12:31:47-03",False,49201,"2015-07-02 12:38:10-03",1174,94,"Travis CI","2020-11-01 00:00:00-03","2021-12-01 00:00:00-03","COVERALLS",NULL,32,1952,14,238,118,248,79
"ARMmbed/mbed-os","C#",3794,4291,0,"https://github.com/ARMmbed/mbed-os","https://api.travis-ci.org/repos/ARMmbed/mbed-os",True,"1514933","57.954376","0.09873417721518987","22231.5","0.12683823529411764","2020-09-14 11:06:04-03",False,457976,"2013-02-18 12:23:11-03",0,0,"Travis CI","2020-09-01 00:00:00-03","2021-10-01 00:00:00-03","COVERALLS",NULL,40,2764,16,1557,1023,1607,1889
"appium/appium","JavaScript",13881,11869,0,"https://github.com/appium/appium","https://api.travis-ci.org/repos/appium/appium",True,"410770","88.74494","0.5062972292191436","500078.0","0.054437869822485205","2019-12-27 17:39:05-03",False,93469,"2013-01-09 19:49:50-03",0,1575,"Travis CI","2019-12-01 00:00:00-03","2021-01-01 00:00:00-03","COVERALLS",NULL,29,2542,10,1163,248,1255,1489
"apollographql/react-apollo","JavaScript",6933,1801,0,"https://github.com/apollographql/react-apollo","https://api.travis-ci.org/repos/apollographql/react-apollo",True,"8301105","96.73406","0.005050505050505051","0","1.0","2018-03-01 16:53:27-03",False,16137,"2016-04-13 20:14:51-03",0,969,"Travis CI","2018-03-01 00:00:00-03","2019-04-01 00:00:00-03","COVERALLS",NULL,78,686,9,509,324,1173,186
"apache/shardingsphere-elasticjob","Java",7137,1969,898,"https://github.com/apache/shardingsphere-elasticjob","https://api.travis-ci.org/repos/apache/shardingsphere-elasticjob",True,"7262408","90.391174","0.29797979797979796","350763.0","0.06060606060606061","2020-07-15 10:02:22-03",False,43348,"2015-09-11 08:28:52-03",1820,760,"Travis CI","2020-07-01 00:00:00-03","2021-08-01 00:00:00-03","COVERALLS",14,40,1769,4,639,318,1071,146
"aonez/Keka","php",2319,909,262,"https://github.com/aonez/Keka",NULL,False,NULL,NULL,NULL,NULL,NULL,"2017-06-08 16:35:50-03",False,39771,"2016-11-08 16:35:50-03",731,142,NULL,"2017-06-01 00:00:00-03","2018-07-01 00:00:00-03",NULL,4,30,212,20,200,35,191,179
"angular-ui/ui-grid","JavaScript",5386,6025,1425,"https://github.com/angular-ui/ui-grid","https://api.travis-ci.org/repos/angular-ui/ui-grid",True,"356445","84.43864","0.3493670886075949","651561.5","0.08316831683168317","2017-09-01 13:33:44-03",False,19468,"2012-10-12 22:39:25-03",6686,1425,"Travis CI","2017-09-01 00:00:00-03","2018-10-01 00:00:00-03","COVERALLS",NULL,1,1784,33,472,213,474,483
"anastr/SpeedView","Kotlin",1064,200,2,"https://github.com/anastr/SpeedView",NULL,False,NULL,NULL,NULL,NULL,NULL,"2017-03-17 09:14:07-03",False,12785,"2016-08-17 09:14:07-03",0,0,NULL,"2017-03-01 00:00:00-03","2018-04-01 00:00:00-03",NULL,NULL,7,212,4,60,3,60,28
"amphp/http-server","php",1139,188,22,"https://github.com/amphp/http-server","https://api.travis-ci.org/repos/amphp/http-server",True,"6288033","62.174126","0.09343434343434344","186308.0","0.16891891891891891","2018-03-12 03:58:22-03",False,14231,"2013-01-29 23:05:18-03",0,0,"Travis CI","2018-03-01 00:00:00-03","2019-04-01 00:00:00-03","COVERALLS",NULL,4,1867,6,22,10,50,35
"amark/gun","JavaScript",13658,618,16,"https://github.com/amark/gun","https://travis-ci.org/github/amark/gun",True,"2791161","53.3951005","0.30808080808080807","3685336.0","0.04823151125401929","2018-01-10 18:14:29-03",False,32713,"2014-07-31 12:52:10-03",0,76,"Travis CI","2018-01-01 00:00:00-03","2019-02-01 00:00:00-03","COVERALLS",NULL,0,1259,1,44,8,222,4
"agershun/alasql","JavaScript",5577,519,69,"https://github.com/agershun/alasql","https://travis-ci.org/github/agershun/alasql",True,"4346660","90.40794","0.5378787878787878","777895.5","0.13059701492537312","2017-12-15 05:47:53-03",False,93151,"2014-10-26 13:30:37-03",972,129,"Travis CI","2017-12-01 00:00:00-03","2019-01-01 00:00:00-03","COVERALLS",NULL,28,1145,8,175,27,123,319
"daybrush/moveable","TypeScript",5966,455,18,"https://github.com/daybrush/moveable","https://api.travis-ci.org/repos/daybrush/moveable",True,"25255383","36.976944","0.4005037783375315","920722.5","0.10655737704918032","2019-08-28 16:30:18-03",False,52080,"2019-07-05 12:04:30-03",0,0,"Travis CI","2019-08-01 00:00:00-03","2020-09-01 00:00:00-03","COVERALLS",NULL,89,54,55,301,26,295,247
